ts_utc,city,lat,lon,temp_c,feelslike_c,condition_text,humidity,wind_kph,wind_dir,pressure_mb,precip_mm,cloud,uv,is_day
2025-11-04T06:14:11Z,Chennai,13.0833,80.2833,29.0,31.3,Mist,84,9.0,NNE,1011.0,0.0,75,8.8,1
2025-11-04T06:14:11Z,Mumbai,18.975,72.826,30.2,36.8,Mist,66,6.8,SSW,1013.0,0.01,75,6.8,1
2025-11-04T06:14:12Z,Delhi,42.85,-80.5,7.2,3.1,Clear,55,27.4,WNW,992.0,0.0,0,0.0,0
2025-11-04T06:14:12Z,Bengaluru,12.9833,77.5833,25.3,26.6,Partly cloudy,74,14.4,NW,1018.0,0.17,50,8.4,1
2025-11-04T06:14:12Z,Kolkata,22.5697,88.3697,28.0,28.0,Mist,70,13.3,NNW,1009.0,0.0,50,6.0,1
2025-11-04T06:14:13Z,Hyderabad,17.3753,78.4744,27.1,28.3,Mist,74,10.8,N,1016.0,0.05,50,8.4,1
2025-11-04T06:14:13Z,Pune,18.5333,73.8667,27.3,28.7,Patchy rain nearby,59,11.2,W,1012.0,0.04,71,8.5,1
2025-11-04T06:14:13Z,Ahmedabad,23.0333,72.6167,27.2,27.7,Mist,66,14.0,SW,1012.0,0.0,50,6.9,1
2025-11-04T09:11:20Z,Chennai,13.0833,80.2833,32.4,39.4,Partly cloudy,71,14.4,NE,1007.0,0.0,50,2.0,1
2025-11-04T09:11:20Z,Mumbai,18.975,72.826,29.1,33.9,Moderate or heavy rain shower,75,15.1,W,1010.0,0.04,75,5.4,1
2025-11-04T09:11:20Z,Delhi,42.85,-80.5,4.9,0.7,Clear,67,22.0,WNW,1019.0,0.0,0,0.0,0
2025-11-04T09:11:21Z,Bengaluru,12.9833,77.5833,26.0,27.3,Partly cloudy,65,14.4,NW,1015.0,0.09,75,4.5,1
2025-11-04T09:11:21Z,Kolkata,22.5697,88.3697,29.1,29.8,Overcast,62,13.0,NW,1006.0,0.0,50,0.6,1
2025-11-04T09:11:21Z,Hyderabad,17.3753,78.4744,28.2,30.6,Partly cloudy,66,8.6,NNW,1012.0,0.7,75,1.6,1
2025-11-04T09:11:22Z,Pune,18.5333,73.8667,27.2,28.8,Patchy rain nearby,62,16.9,WNW,1010.0,0.05,83,5.7,1
2025-11-04T09:11:22Z,Ahmedabad,23.0333,72.6167,29.4,30.1,Overcast,52,15.5,WSW,1009.0,0.0,25,2.8,1
2025-11-04T12:17:45Z,Chennai,13.0833,80.2833,32.2,41.7,Light rain,71,13.3,ENE,1007.0,0.0,75,0.1,1
2025-11-04T12:17:46Z,Mumbai,18.975,72.826,29.1,33.7,Mist,75,15.8,WNW,1009.0,0.0,75,0.0,0
2025-11-04T12:17:46Z,Delhi,42.85,-80.5,3.9,-0.2,Clear,68,18.7,WNW,1021.0,0.0,0,0.0,1
2025-11-04T12:17:46Z,Bengaluru,12.9833,77.5833,25.3,27.2,Partly cloudy,74,9.4,NNW,1015.0,0.8,50,0.2,1
2025-11-04T12:17:47Z,Kolkata,22.5697,88.3697,28.1,29.0,Overcast,66,9.0,NNW,1005.0,0.0,25,0.0,0
2025-11-04T12:17:47Z,Hyderabad,17.3753,78.4744,27.3,30.8,Partly cloudy,70,7.2,NNW,1013.0,1.48,75,0.1,0
2025-11-04T12:17:47Z,Pune,18.5333,73.8667,23.9,25.7,Patchy rain nearby,76,13.7,WNW,1010.0,0.04,80,0.3,1
2025-11-04T12:17:48Z,Ahmedabad,23.0333,72.6167,29.1,30.2,Overcast,48,10.4,WSW,1008.0,0.0,25,0.0,0
2025-11-04T15:01:38Z,Chennai,13.0833,80.2833,26.0,28.1,Mist,89,5.8,ENE,1010.0,0.07,75,0.0,0
2025-11-04T15:01:39Z,Mumbai,18.975,72.826,28.0,31.3,Mist,74,13.3,WNW,1011.0,0.0,75,0.0,0
2025-11-04T15:01:39Z,Delhi,42.85,-80.5,6.9,3.3,Sunny,58,22.0,W,1022.0,0.0,0,1.4,1
2025-11-04T15:01:39Z,Bengaluru,12.9833,77.5833,23.3,25.3,Partly cloudy,83,6.1,NW,1017.0,0.1,50,0.0,0
2025-11-04T15:01:40Z,Kolkata,22.5697,88.3697,27.3,28.3,Overcast,74,7.6,NW,1007.0,0.0,25,0.0,0
2025-11-04T15:01:40Z,Hyderabad,17.3753,78.4744,24.3,26.7,Mist,94,4.7,N,1014.0,1.79,75,0.0,0
2025-11-04T15:01:40Z,Pune,18.5333,73.8667,20.6,20.6,Clear,90,9.4,W,1013.0,0.0,24,0.0,0
2025-11-04T15:01:41Z,Ahmedabad,23.0333,72.6167,25.4,26.2,Mist,74,6.8,WSW,1009.0,0.0,25,0.0,0
2025-11-04T18:13:00Z,Chennai,13.0833,80.2833,27.3,29.9,Mist,89,3.6,N,1010.0,0.04,50,0.0,0
2025-11-04T18:13:00Z,Mumbai,18.975,72.826,27.0,29.2,Mist,79,10.4,W,1012.0,0.01,50,0.0,0
2025-11-04T18:13:00Z,Delhi,42.85,-80.5,11.4,8.4,Sunny,42,29.5,W,1021.0,0.0,0,2.6,1
2025-11-04T18:13:01Z,Bengaluru,12.9833,77.5833,22.1,24.6,Partly cloudy,88,9.4,WSW,1016.0,0.05,50,0.0,0
2025-11-04T18:13:01Z,Kolkata,22.5697,88.3697,25.3,26.6,Mist,83,9.7,NW,1007.0,0.0,50,0.0,0
2025-11-04T18:13:01Z,Hyderabad,17.3753,78.4744,25.4,28.0,Mist,83,5.4,N,1014.0,0.0,75,0.0,0
2025-11-04T18:13:02Z,Pune,18.5333,73.8667,19.6,19.6,Mist,95,8.6,W,1013.0,0.0,53,0.0,0
2025-11-04T18:13:02Z,Ahmedabad,23.0333,72.6167,23.4,25.1,Mist,89,6.8,SSW,1010.0,0.0,0,0.0,0
2025-11-04T21:01:31Z,Chennai,13.0833,80.2833,27.1,29.7,Mist,89,4.3,NW,1008.0,0.24,50,0.0,0
2025-11-04T21:01:32Z,Mumbai,18.975,72.826,27.4,29.5,Mist,74,7.2,W,1010.0,0.0,50,0.0,0
2025-11-04T21:01:32Z,Delhi,42.85,-80.5,13.4,11.1,Sunny,26,28.4,W,1021.0,0.0,0,1.1,1
2025-11-04T21:01:33Z,Bengaluru,12.9833,77.5833,21.2,21.2,Mist,88,7.9,W,1014.0,0.0,50,0.0,0
2025-11-04T21:01:33Z,Kolkata,22.5697,88.3697,24.2,25.7,Mist,89,10.4,NW,1006.0,0.0,50,0.0,0
2025-11-04T21:01:33Z,Hyderabad,17.3753,78.4744,21.9,21.9,Cloudy,86,6.8,N,1009.0,0.0,65,0.0,0
2025-11-04T21:01:34Z,Pune,18.5333,73.8667,19.4,19.4,Partly Cloudy,93,8.6,W,1011.0,0.0,49,0.0,0
2025-11-04T21:01:34Z,Ahmedabad,23.0333,72.6167,22.0,24.6,Mist,88,7.6,S,1010.0,0.0,0,0.0,0
2025-11-05T00:42:44Z,Chennai,13.0833,80.2833,26.4,29.1,Patchy rain nearby,79,8.6,NW,1009.0,0.31,85,0.0,1
2025-11-05T00:42:44Z,Mumbai,18.975,72.826,25.6,27.1,Clear,66,4.7,WNW,1011.0,0.0,19,0.0,0
2025-11-05T00:42:45Z,Delhi,42.85,-80.5,7.2,4.6,Clear,57,14.0,W,1021.0,0.0,25,0.0,0
2025-11-05T00:42:45Z,Bengaluru,12.9833,77.5833,21.1,21.1,Partly cloudy,94,5.0,NW,1015.0,0.0,50,0.0,0
2025-11-05T00:42:45Z,Kolkata,22.5697,88.3697,20.9,20.9,Sunny,67,11.2,NW,1008.0,0.0,2,0.1,1
2025-11-05T00:42:46Z,Hyderabad,17.3753,78.4744,20.4,20.4,Sunny,90,7.2,NNW,1011.0,0.0,23,0.0,1
2025-11-05T00:42:46Z,Pune,18.5333,73.8667,18.3,18.3,Mist,94,6.5,W,1012.0,0.0,43,0.0,0
2025-11-05T00:42:47Z,Ahmedabad,23.0333,72.6167,22.1,24.6,Clear,78,3.6,NW,1011.0,0.0,0,0.0,0
2025-11-05T03:37:07Z,Chennai,13.0833,80.2833,29.2,32.7,Mist,84,10.4,NNW,1010.0,0.48,50,4.7,1
2025-11-05T03:37:07Z,Mumbai,18.975,72.826,27.0,28.6,Mist,74,3.6,SSW,1012.0,0.0,25,2.6,1
2025-11-05T03:37:07Z,Delhi,42.85,-80.5,5.6,2.9,Clear,82,12.2,WSW,1021.0,0.0,0,0.0,0
2025-11-05T03:37:08Z,Bengaluru,12.9833,77.5833,24.0,25.6,Partly cloudy,83,9.0,NNW,1017.0,0.02,50,4.3,1
2025-11-05T03:37:08Z,Kolkata,22.5697,88.3697,25.0,25.7,Mist,74,12.2,NW,1009.0,0.0,25,3.9,1
2025-11-05T03:37:08Z,Hyderabad,17.3753,78.4744,26.4,28.5,Mist,74,11.2,N,1015.0,0.02,75,3.7,1
2025-11-05T03:37:09Z,Pune,18.5333,73.8667,22.4,24.7,Sunny,74,4.0,WNW,1014.0,0.0,21,3.0,1
2025-11-05T03:37:09Z,Ahmedabad,23.0333,72.6167,23.3,25.1,Mist,89,3.6,W,1012.0,0.0,25,2.2,1
2025-11-05T06:14:01Z,Chennai,13.0833,80.2833,32.2,38.1,Partly cloudy,71,14.8,NNE,1009.0,0.22,50,9.6,1
2025-11-05T06:14:01Z,Mumbai,18.975,72.826,29.2,32.1,Mist,58,6.5,SW,1012.0,0.0,50,7.0,1
2025-11-05T06:14:02Z,Delhi,42.85,-80.5,5.8,2.5,Clear,81,16.9,SW,1019.0,0.0,0,0.0,0
2025-11-05T06:14:02Z,Bengaluru,12.9833,77.5833,27.4,28.9,Partly cloudy,70,10.4,NW,1016.0,0.49,50,9.0,1
2025-11-05T06:14:02Z,Kolkata,22.5697,88.3697,29.1,29.0,Overcast,55,12.2,NW,1007.0,0.0,0,6.3,1
2025-11-05T06:14:03Z,Hyderabad,17.3753,78.4744,29.0,30.9,Mist,58,11.9,N,1014.0,0.01,50,8.5,1
2025-11-05T06:14:03Z,Pune,18.5333,73.8667,25.3,26.5,Partly Cloudy,61,3.6,WSW,1012.0,0.0,36,7.6,1
2025-11-05T06:14:03Z,Ahmedabad,23.0333,72.6167,27.4,27.9,Mist,66,3.6,SW,1012.0,0.0,50,5.9,1
2025-11-05T09:11:06Z,Chennai,13.0833,80.2833,32.2,38.2,Partly cloudy,71,13.0,NE,1006.0,0.02,50,5.2,1
2025-11-05T09:11:07Z,Mumbai,18.975,72.826,29.3,31.9,Overcast,62,10.1,W,1010.0,0.0,25,5.7,1
2025-11-05T09:11:07Z,Delhi,42.85,-80.5,6.7,3.0,Clear,80,22.3,SSW,1016.0,0.0,0,0.0,0
2025-11-05T09:11:07Z,Bengaluru,12.9833,77.5833,26.3,27.1,Partly cloudy,70,10.1,NW,1013.0,0.23,75,3.9,1
2025-11-05T09:11:08Z,Kolkata,22.5697,88.3697,30.0,30.0,Mist,49,11.5,NW,1005.0,0.0,0,0.9,1
2025-11-05T09:11:08Z,Hyderabad,17.3753,78.4744,29.1,31.6,Partly cloudy,55,12.6,NNW,1011.0,0.01,50,1.4,1
2025-11-05T09:11:08Z,Pune,18.5333,73.8667,27.4,28.2,Patchy rain nearby,52,9.4,WNW,1009.0,0.04,88,1.9,1
2025-11-05T09:11:09Z,Ahmedabad,23.0333,72.6167,30.3,29.4,Overcast,55,3.6,W,1010.0,0.0,25,4.7,1
2025-11-05T12:17:06Z,Chennai,13.0833,80.2833,31.2,38.5,Partly cloudy,75,16.9,NE,1006.0,0.08,50,0.1,0
2025-11-05T12:17:07Z,Mumbai,18.975,72.826,28.0,30.1,Mist,66,9.0,WNW,1009.0,0.0,25,0.0,0
2025-11-05T12:17:07Z,Delhi,42.85,-80.5,9.3,5.9,Clear,68,26.6,SSW,1014.0,0.0,0,0.0,0
2025-11-05T12:17:08Z,Bengaluru,12.9833,77.5833,26.2,28.0,Partly cloudy,65,6.5,WNW,1013.0,0.09,75,0.0,0
2025-11-05T12:17:08Z,Kolkata,22.5697,88.3697,29.1,29.9,Mist,52,8.3,NW,1005.0,0.0,0,0.0,0
2025-11-05T12:17:08Z,Hyderabad,17.3753,78.4744,28.1,31.2,Partly cloudy,55,12.6,N,1011.0,0.02,50,0.1,1
2025-11-05T12:17:09Z,Pune,18.5333,73.8667,23.7,25.5,Patchy rain nearby,70,12.2,WNW,1010.0,0.14,77,0.1,1
2025-11-05T12:17:09Z,Ahmedabad,23.0333,72.6167,29.2,28.8,Overcast,45,4.0,NNW,1009.0,0.0,25,0.0,0
2025-11-05T15:01:40Z,Chennai,13.0833,80.2833,30.4,36.9,Mist,79,12.2,NE,1009.0,0.37,75,0.0,0
2025-11-05T15:01:40Z,Mumbai,18.975,72.826,27.1,28.8,Mist,70,9.0,WNW,1011.0,0.0,25,0.0,0
2025-11-05T15:01:41Z,Delhi,42.85,-80.5,12.2,9.0,Sunny,69,38.5,SW,1007.0,0.0,0,0.9,1
2025-11-05T15:01:41Z,Bengaluru,12.9833,77.5833,24.4,26.0,Partly cloudy,78,5.8,NNE,1015.0,0.0,75,0.0,0
2025-11-05T15:01:41Z,Kolkata,22.5697,88.3697,28.3,29.2,Mist,62,3.6,W,1007.0,0.0,25,0.0,0
2025-11-05T15:01:42Z,Hyderabad,17.3753,78.4744,25.1,27.1,Mist,74,10.4,N,1014.0,0.0,50,0.0,0
2025-11-05T15:01:42Z,Pune,18.5333,73.8667,21.7,21.7,Patchy rain nearby,79,10.8,WNW,1012.0,0.06,68,0.0,0
2025-11-05T15:01:43Z,Ahmedabad,23.0333,72.6167,26.4,26.4,Clear,61,3.6,SE,1010.0,0.0,25,0.0,0
2025-11-05T18:12:52Z,Chennai,13.0833,80.2833,26.2,28.3,Mist,94,7.6,NE,1010.0,0.06,50,0.0,0
2025-11-05T18:12:52Z,Mumbai,18.975,72.826,26.0,27.5,Mist,74,7.2,NW,1012.0,0.0,25,0.0,0
2025-11-05T18:12:52Z,Delhi,42.85,-80.5,12.9,9.5,Partly Cloudy,72,47.9,WSW,1003.0,0.0,0,1.1,1
2025-11-05T18:12:53Z,Bengaluru,12.9833,77.5833,23.3,25.3,Mist,83,3.6,N,1016.0,0.21,75,0.0,0
2025-11-05T18:12:53Z,Kolkata,22.5697,88.3697,26.3,27.3,Mist,70,7.9,W,1008.0,0.0,25,0.0,0
2025-11-05T18:12:53Z,Hyderabad,17.3753,78.4744,22.4,24.7,Mist,88,9.7,N,1015.0,0.0,50,0.0,0
2025-11-05T18:12:54Z,Pune,18.5333,73.8667,20.8,20.8,Patchy rain nearby,82,7.6,NW,1011.0,0.01,77,0.0,0
2025-11-05T18:12:54Z,Ahmedabad,23.0333,72.6167,25.4,26.4,Mist,65,8.6,SSW,1011.0,0.0,0,0.0,0
2025-11-05T21:01:32Z,Chennai,13.0833,80.2833,27.2,29.9,Mist,89,7.2,N,1008.0,0.0,50,0.0,0
2025-11-05T21:01:33Z,Mumbai,18.975,72.826,26.1,27.7,Mist,74,6.5,N,1011.0,0.0,50,0.0,0
2025-11-05T21:01:33Z,Delhi,42.85,-80.5,11.3,7.4,Sunny,77,45.7,WSW,1002.0,0.0,0,0.6,1
2025-11-05T21:01:34Z,Bengaluru,12.9833,77.5833,22.1,24.6,Mist,88,4.0,WSW,1015.0,0.11,75,0.0,0
2025-11-05T21:01:34Z,Kolkata,22.5697,88.3697,25.0,26.2,Mist,79,6.8,WNW,1007.0,0.0,25,0.0,0
2025-11-05T21:01:34Z,Hyderabad,17.3753,78.4744,23.1,25.1,Mist,83,10.8,NNE,1014.0,0.0,50,0.0,0
2025-11-05T21:01:35Z,Pune,18.5333,73.8667,20.5,20.5,Patchy rain nearby,83,5.4,NW,1011.0,0.02,71,0.0,0
2025-11-05T21:01:35Z,Ahmedabad,23.0333,72.6167,22.1,24.6,Mist,83,3.6,SW,1011.0,0.0,0,0.0,0
2025-11-06T00:41:21Z,Chennai,13.0833,80.2833,26.3,29.0,Patchy rain nearby,79,10.4,NNW,1010.0,0.08,86,0.0,1
2025-11-06T00:41:22Z,Mumbai,18.975,72.826,24.8,26.5,Partly Cloudy,73,7.2,NNE,1012.0,0.0,41,0.0,0
2025-11-06T00:41:22Z,Delhi,42.85,-80.5,7.2,2.5,Clear,85,36.0,NW,1010.0,0.0,0,0.0,0
2025-11-06T00:41:22Z,Bengaluru,12.9833,77.5833,19.3,19.3,Patchy rain nearby,91,9.4,NNW,1013.0,0.01,70,0.0,0
2025-11-06T00:41:23Z,Kolkata,22.5697,88.3697,21.4,21.4,Sunny,68,7.2,NW,1010.0,0.0,0,0.1,1
2025-11-06T00:41:23Z,Hyderabad,17.3753,78.4744,21.4,21.4,Partly Cloudy,79,10.1,N,1012.0,0.0,28,0.0,0
2025-11-06T00:41:24Z,Pune,18.5333,73.8667,19.3,19.4,Patchy rain nearby,90,4.0,NNW,1012.0,0.01,75,0.0,0
2025-11-06T00:41:24Z,Ahmedabad,23.0333,72.6167,22.2,24.6,Clear,58,6.1,NE,1013.0,0.0,0,0.0,0
2025-11-06T03:40:29Z,Chennai,13.0833,80.2833,28.1,30.5,Mist,89,13.7,N,1010.0,0.32,50,4.7,1
2025-11-06T03:40:30Z,Mumbai,18.975,72.826,26.0,27.9,Mist,79,6.1,ENE,1013.0,0.0,25,2.5,1
2025-11-06T03:40:30Z,Delhi,42.85,-80.5,5.2,-0.3,Clear,80,37.8,NW,1014.0,0.0,0,0.0,0
2025-11-06T03:40:30Z,Bengaluru,12.9833,77.5833,22.2,24.6,Partly cloudy,83,12.2,N,1017.0,0.19,50,3.9,1
2025-11-06T03:40:31Z,Kolkata,22.5697,88.3697,26.2,26.8,Mist,79,10.4,NNW,1010.0,0.0,0,3.7,1
2025-11-06T03:40:31Z,Hyderabad,17.3753,78.4744,25.0,26.6,Mist,69,12.6,NNE,1015.0,0.0,50,1.8,1
2025-11-06T03:40:32Z,Pune,18.5333,73.8667,23.2,25.1,Partly Cloudy,69,8.3,ENE,1015.0,0.0,33,2.6,1
2025-11-06T03:40:32Z,Ahmedabad,23.0333,72.6167,22.2,24.4,Mist,78,8.3,NE,1013.0,0.0,0,2.2,1
2025-11-06T06:14:00Z,Chennai,13.0833,80.2833,30.2,33.8,Mist,84,16.6,NE,1010.0,0.39,75,9.7,1
2025-11-06T06:14:00Z,Mumbai,18.975,72.826,29.0,32.6,Mist,62,3.6,NNE,1013.0,0.0,50,6.7,1
2025-11-06T06:14:00Z,Delhi,42.85,-80.5,4.1,-1.2,Clear,74,31.0,NW,1016.0,0.0,0,0.0,0
2025-11-06T06:14:01Z,Bengaluru,12.9833,77.5833,25.2,26.6,Partly cloudy,74,14.0,N,1017.0,0.23,50,9.4,1
2025-11-06T06:14:01Z,Kolkata,22.5697,88.3697,30.4,30.9,Mist,62,9.7,NNW,1009.0,0.0,25,6.1,1
2025-11-06T06:14:01Z,Hyderabad,17.3753,78.4744,28.4,29.5,Partly cloudy,55,13.7,NNE,1016.0,0.0,50,7.6,1
2025-11-06T06:14:02Z,Pune,18.5333,73.8667,26.7,27.7,Patchy rain nearby,56,10.8,ENE,1012.0,0.05,83,8.3,1
2025-11-06T06:14:02Z,Ahmedabad,23.0333,72.6167,26.1,25.3,Mist,58,11.2,ENE,1014.0,0.0,0,6.9,1
2025-11-06T09:01:34Z,Chennai,13.0833,80.2833,31.1,35.6,Mist,79,18.0,ENE,1007.0,0.02,75,5.4,1
2025-11-06T09:01:34Z,Mumbai,18.975,72.826,31.2,37.9,Mist,63,14.8,WNW,1010.0,0.01,50,5.3,1
2025-11-06T09:01:35Z,Delhi,42.85,-80.5,3.7,-1.0,Clear,75,23.8,NW,1018.0,0.0,0,0.0,0
2025-11-06T09:01:35Z,Bengaluru,12.9833,77.5833,27.0,29.0,Partly cloudy,66,10.4,N,1014.0,1.67,50,5.7,1
2025-11-06T09:01:35Z,Kolkata,22.5697,88.3697,31.2,31.4,Mist,59,6.8,NW,1007.0,0.0,50,2.4,1
2025-11-06T09:01:36Z,Hyderabad,17.3753,78.4744,29.2,30.3,Partly cloudy,45,14.8,NNE,1013.0,0.0,50,5.1,1
2025-11-06T09:01:36Z,Pune,18.5333,73.8667,27.8,28.4,Patchy rain nearby,48,9.0,E,1010.0,0.01,74,4.8,1
2025-11-06T09:01:36Z,Ahmedabad,23.0333,72.6167,30.3,28.4,Overcast,25,13.3,ENE,1011.0,0.0,25,4.9,1
2025-11-06T12:16:58Z,Chennai,13.0833,80.2833,26.0,27.9,Patchy light rain,89,14.0,ENE,1008.0,0.03,75,0.1,1
2025-11-06T12:16:58Z,Mumbai,18.975,72.826,29.4,34.5,Mist,66,18.0,NW,1010.0,0.0,50,0.0,0
2025-11-06T12:16:58Z,Delhi,42.85,-80.5,2.7,-1.6,Clear,90,18.0,WNW,1020.0,0.0,0,0.0,1
2025-11-06T12:16:59Z,Bengaluru,12.9833,77.5833,23.0,25.1,Heavy rain,89,8.3,N,1014.0,1.07,75,0.2,1
2025-11-06T12:16:59Z,Kolkata,22.5697,88.3697,29.1,30.2,Mist,70,7.6,NNW,1007.0,0.0,50,0.0,0
2025-11-06T12:16:59Z,Hyderabad,17.3753,78.4744,27.1,29.2,Mist,54,11.2,NNE,1013.0,0.0,75,0.0,0
2025-11-06T12:17:00Z,Pune,18.5333,73.8667,24.5,25.9,Partly Cloudy,62,7.9,ENE,1011.0,0.0,50,0.1,1
2025-11-06T12:17:00Z,Ahmedabad,23.0333,72.6167,29.1,28.3,Overcast,22,11.2,ENE,1011.0,0.0,0,0.2,1
2025-11-06T15:10:15Z,Chennai,13.0833,80.2833,25.2,27.0,Light drizzle,89,11.5,ENE,1011.0,0.35,75,0.0,0
2025-11-06T15:10:16Z,Mumbai,18.975,72.826,28.3,31.8,Mist,70,18.0,NNW,1011.0,0.0,50,0.0,0
2025-11-06T15:10:16Z,Delhi,42.85,-80.5,4.1,0.7,Patchy rain nearby,83,14.8,WNW,1023.0,0.01,0,0.9,1
2025-11-06T15:10:16Z,Bengaluru,12.9833,77.5833,21.3,21.3,Mist,94,11.9,NE,1016.0,0.48,75,0.0,0
2025-11-06T15:10:17Z,Kolkata,22.5697,88.3697,27.3,28.5,Mist,79,4.7,NNW,1009.0,0.0,50,0.0,0
2025-11-06T15:10:17Z,Hyderabad,17.3753,78.4744,24.2,25.9,Mist,74,10.4,N,1015.0,0.0,75,0.0,0
2025-11-06T15:10:17Z,Pune,18.5333,73.8667,23.9,25.5,Cloudy,63,4.7,NE,1013.0,0.0,64,0.0,0
2025-11-06T15:10:18Z,Ahmedabad,23.0333,72.6167,23.1,23.6,Overcast,69,7.6,E,1013.0,0.0,0,0.0,0
2025-11-06T18:13:33Z,Chennai,13.0833,80.2833,26.4,28.9,Mist,89,7.2,ENE,1011.0,0.04,75,0.0,0
2025-11-06T18:13:34Z,Mumbai,18.975,72.826,27.3,29.9,Mist,74,14.0,N,1012.0,0.0,50,0.0,0
2025-11-06T18:13:34Z,Delhi,42.85,-80.5,5.3,1.6,Cloudy,75,18.7,NW,1022.0,0.0,0,2.0,1
2025-11-06T18:13:35Z,Bengaluru,12.9833,77.5833,21.3,21.3,Mist,94,13.0,ENE,1017.0,0.0,75,0.0,0
2025-11-06T18:13:35Z,Kolkata,22.5697,88.3697,28.1,30.3,Mist,74,9.4,NNW,1010.0,0.0,0,0.0,0
2025-11-06T18:13:35Z,Hyderabad,17.3753,78.4744,20.3,20.3,Clear,77,9.4,N,1013.0,0.0,8,0.0,0
2025-11-06T18:13:36Z,Pune,18.5333,73.8667,22.5,24.8,Partly Cloudy,69,4.0,N,1012.0,0.0,45,0.0,0
2025-11-06T18:13:36Z,Ahmedabad,23.0333,72.6167,21.4,21.4,Mist,73,6.8,NE,1013.0,0.0,0,0.0,0
2025-11-06T21:01:15Z,Chennai,13.0833,80.2833,26.1,28.5,Mist,94,6.1,ENE,1009.0,0.15,75,0.0,0
2025-11-06T21:01:15Z,Mumbai,18.975,72.826,27.4,29.9,Mist,74,7.9,NNE,1011.0,0.0,50,0.0,0
2025-11-06T21:01:16Z,Delhi,42.85,-80.5,6.5,3.0,Sunny,60,19.8,W,1021.0,0.0,0,0.4,1
2025-11-06T21:01:16Z,Bengaluru,12.9833,77.5833,21.0,21.0,Mist,88,8.3,NE,1016.0,0.01,50,0.0,0
2025-11-06T21:01:16Z,Kolkata,22.5697,88.3697,26.3,28.5,Mist,79,11.2,N,1010.0,0.0,0,0.0,0
2025-11-06T21:01:17Z,Hyderabad,17.3753,78.4744,21.3,21.3,Mist,83,9.7,N,1015.0,0.0,50,0.0,0
2025-11-06T21:01:17Z,Pune,18.5333,73.8667,22.4,24.7,Partly Cloudy,69,3.6,NNE,1012.0,0.0,47,0.0,0
2025-11-06T21:01:18Z,Ahmedabad,23.0333,72.6167,19.2,19.2,Mist,83,7.9,NE,1012.0,0.0,0,0.0,0
2025-11-07T00:41:59Z,Chennai,13.0833,80.2833,26.3,28.8,Partly Cloudy,77,9.4,NNW,1011.0,0.0,30,0.0,1
2025-11-07T00:41:59Z,Mumbai,18.975,72.826,25.6,27.6,Clear,74,7.6,E,1012.0,0.0,11,0.0,0
2025-11-07T00:42:00Z,Delhi,42.85,-80.5,4.3,3.6,Clear,55,7.9,WSW,1021.0,0.0,0,0.0,0
2025-11-07T00:42:00Z,Bengaluru,12.9833,77.5833,21.0,21.0,Patchy rain nearby,85,4.3,ENE,1013.0,0.01,54,0.0,1
2025-11-07T00:42:00Z,Kolkata,22.5697,88.3697,22.8,24.9,Sunny,75,11.5,N,1012.0,0.0,7,0.1,1
2025-11-07T00:42:01Z,Hyderabad,17.3753,78.4744,22.3,24.7,Mist,78,10.1,N,1015.0,0.0,50,0.0,0
2025-11-07T00:42:01Z,Pune,18.5333,73.8667,19.7,19.7,Clear,77,3.6,NNE,1013.0,0.0,10,0.0,0
2025-11-07T00:42:01Z,Ahmedabad,23.0333,72.6167,20.1,20.1,Mist,60,10.4,ENE,1013.0,0.0,0,0.0,0
2025-11-07T03:36:51Z,Chennai,13.0833,80.2833,28.3,31.1,Mist,89,12.6,N,1012.0,0.04,75,4.5,1
2025-11-07T03:36:52Z,Mumbai,18.975,72.826,26.3,28.5,Mist,84,8.3,ESE,1013.0,0.0,75,2.4,1
2025-11-07T03:36:52Z,Delhi,42.85,-80.5,1.0,-1.7,Partly cloudy,80,8.3,SW,1017.0,0.0,75,0.0,0
2025-11-07T03:36:52Z,Bengaluru,12.9833,77.5833,24.2,25.9,Mist,83,8.3,NE,1018.0,0.0,50,2.1,1
2025-11-07T03:36:53Z,Kolkata,22.5697,88.3697,27.0,27.8,Mist,74,16.2,N,1012.0,0.0,0,3.8,1
2025-11-07T03:36:53Z,Hyderabad,17.3753,78.4744,25.4,26.2,Mist,69,14.8,NNE,1017.0,0.0,0,3.8,1
2025-11-07T03:36:53Z,Pune,18.5333,73.8667,23.9,25.4,Sunny,61,10.8,ENE,1016.0,0.0,8,2.8,1
2025-11-07T03:36:54Z,Ahmedabad,23.0333,72.6167,21.2,21.2,Mist,60,11.9,ENE,1015.0,0.0,0,2.1,1
2025-11-07T06:14:08Z,Chennai,13.0833,80.2833,31.3,35.9,Mist,79,14.4,NNE,1011.0,0.03,75,9.1,1
2025-11-07T06:14:08Z,Mumbai,18.975,72.826,30.0,33.7,Overcast,55,6.8,SSE,1013.0,0.0,50,7.5,1
2025-11-07T06:14:09Z,Delhi,42.85,-80.5,1.4,-3.3,Clear,82,19.1,S,1016.0,0.0,0,0.0,0
2025-11-07T06:14:09Z,Bengaluru,12.9833,77.5833,26.1,27.1,Partly cloudy,65,11.2,NE,1018.0,0.01,75,9.0,1
2025-11-07T06:14:09Z,Kolkata,22.5697,88.3697,29.3,30.1,Mist,62,16.2,N,1011.0,0.0,0,6.3,1
2025-11-07T06:14:10Z,Hyderabad,17.3753,78.4744,28.3,28.5,Sunny,45,15.1,NNE,1017.0,0.0,0,8.2,1
2025-11-07T06:14:10Z,Pune,18.5333,73.8667,26.2,27.0,Sunny,53,10.1,E,1015.0,0.0,13,7.2,1
2025-11-07T06:14:10Z,Ahmedabad,23.0333,72.6167,27.4,26.3,Overcast,39,11.9,ENE,1016.0,0.0,0,6.0,1
2025-11-07T09:01:30Z,Chennai,13.0833,80.2833,32.4,38.9,Mist,71,21.2,NNE,1008.0,0.03,75,4.5,1
2025-11-07T09:01:30Z,Mumbai,18.975,72.826,31.3,35.4,Overcast,59,7.6,WSW,1011.0,0.0,25,5.1,1
2025-11-07T09:01:30Z,Delhi,42.85,-80.5,5.5,1.1,Clear,75,25.6,S,1013.0,0.0,0,0.0,0
2025-11-07T09:01:31Z,Bengaluru,12.9833,77.5833,28.0,29.8,Partly cloudy,55,8.6,NE,1015.0,0.04,50,2.7,1
2025-11-07T09:01:31Z,Kolkata,22.5697,88.3697,31.2,32.4,Mist,55,15.8,NNW,1009.0,0.0,0,2.4,1
2025-11-07T09:01:31Z,Hyderabad,17.3753,78.4744,29.2,29.4,Sunny,40,12.2,NE,1014.0,0.0,25,5.2,1
2025-11-07T09:01:32Z,Pune,18.5333,73.8667,27.9,28.1,Sunny,45,5.8,E,1011.0,0.0,20,5.2,1
2025-11-07T09:01:32Z,Ahmedabad,23.0333,72.6167,30.4,28.3,Overcast,29,11.5,NE,1013.0,0.0,0,4.8,1
2025-11-07T12:16:15Z,Chennai,13.0833,80.2833,30.4,35.6,Mist,75,16.9,NE,1009.0,0.01,75,0.1,0
2025-11-07T12:16:15Z,Mumbai,18.975,72.826,31.1,37.5,Overcast,49,16.6,NW,1011.0,0.0,25,0.2,1
2025-11-07T12:16:16Z,Delhi,42.85,-80.5,7.1,2.5,Clear,63,34.2,S,1009.0,0.0,0,0.0,1
2025-11-07T12:16:16Z,Bengaluru,12.9833,77.5833,26.4,28.7,Partly cloudy,61,13.0,NNE,1015.0,0.16,50,0.1,1
2025-11-07T12:16:16Z,Kolkata,22.5697,88.3697,29.2,31.3,Mist,58,12.6,NW,1009.0,0.0,0,0.0,0
2025-11-07T12:16:17Z,Hyderabad,17.3753,78.4744,27.0,28.4,Partly cloudy,42,11.2,NNE,1014.0,0.0,50,0.1,1
2025-11-07T12:16:17Z,Pune,18.5333,73.8667,26.1,26.8,Sunny,52,5.4,NNE,1012.0,0.0,13,0.1,1
2025-11-07T12:16:17Z,Ahmedabad,23.0333,72.6167,29.1,28.1,Overcast,27,8.3,NE,1013.0,0.0,0,0.2,1
2025-11-07T15:09:07Z,Chennai,13.0833,80.2833,28.1,31.4,Mist,89,15.5,NNE,1011.0,0.0,50,0.0,0
2025-11-07T15:09:08Z,Mumbai,18.975,72.826,29.4,33.4,Mist,58,17.3,NNW,1013.0,0.0,25,0.0,0
2025-11-07T15:09:08Z,Delhi,42.85,-80.5,9.2,4.8,Sunny,54,42.5,SSW,1003.0,0.0,0,0.2,1
2025-11-07T15:09:08Z,Bengaluru,12.9833,77.5833,23.3,25.3,Partly cloudy,78,11.9,ENE,1018.0,0.07,50,0.0,0
2025-11-07T15:09:09Z,Kolkata,22.5697,88.3697,27.4,29.1,Mist,70,13.0,NNW,1012.0,0.0,0,0.0,0
2025-11-07T15:09:09Z,Hyderabad,17.3753,78.4744,22.4,24.7,Mist,69,8.6,NNE,1017.0,0.0,50,0.0,0
2025-11-07T15:09:09Z,Pune,18.5333,73.8667,23.4,25.1,Clear,57,7.2,N,1015.0,0.0,11,0.0,0
2025-11-07T15:09:10Z,Ahmedabad,23.0333,72.6167,24.4,24.6,Overcast,50,4.0,E,1014.0,0.0,0,0.0,0
2025-11-07T18:12:40Z,Chennai,13.0833,80.2833,28.2,31.3,Mist,84,14.4,NNE,1012.0,0.0,50,0.0,0
2025-11-07T18:12:40Z,Mumbai,18.975,72.826,28.1,30.7,Overcast,58,8.3,ENE,1013.0,0.0,50,0.0,0
2025-11-07T18:12:40Z,Delhi,42.85,-80.5,9.7,5.4,Moderate rain,89,44.3,SW,998.0,3.01,0,0.1,1
2025-11-07T18:12:41Z,Bengaluru,12.9833,77.5833,21.1,21.1,Mist,88,7.2,E,1018.0,0.01,50,0.0,0
2025-11-07T18:12:41Z,Kolkata,22.5697,88.3697,25.1,26.4,Mist,74,13.3,NNW,1012.0,0.0,0,0.0,0
2025-11-07T18:12:41Z,Hyderabad,17.3753,78.4744,22.3,24.7,Clear,61,5.8,N,1017.0,0.0,25,0.0,0
2025-11-07T18:12:42Z,Pune,18.5333,73.8667,20.8,20.8,Clear,64,7.9,NNE,1014.0,0.0,10,0.0,0
2025-11-07T18:12:42Z,Ahmedabad,23.0333,72.6167,22.2,23.9,Overcast,53,4.3,NE,1015.0,0.0,0,0.0,0
2025-11-07T21:00:52Z,Chennai,13.0833,80.2833,27.2,29.5,Mist,89,11.5,N,1010.0,0.0,50,0.0,0
2025-11-07T21:00:52Z,Mumbai,18.975,72.826,26.0,27.5,Overcast,61,8.3,NE,1012.0,0.0,75,0.0,0
2025-11-07T21:00:52Z,Delhi,42.85,-80.5,11.0,7.3,Light rain,93,40.7,SW,997.0,1.15,0,0.1,1
2025-11-07T21:00:53Z,Bengaluru,12.9833,77.5833,19.3,19.3,Mist,94,6.8,E,1017.0,0.0,25,0.0,0
2025-11-07T21:00:53Z,Kolkata,22.5697,88.3697,23.3,25.1,Mist,73,13.3,NNW,1011.0,0.0,0,0.0,0
2025-11-07T21:00:53Z,Hyderabad,17.3753,78.4744,20.1,20.1,Clear,73,7.2,NNW,1016.0,0.0,25,0.0,0
2025-11-07T21:00:54Z,Pune,18.5333,73.8667,20.0,20.0,Clear,64,6.8,NE,1014.0,0.0,10,0.0,0
2025-11-07T21:00:54Z,Ahmedabad,23.0333,72.6167,18.4,18.4,Mist,88,6.1,N,1014.0,0.0,0,0.0,0
2025-11-08T00:38:59Z,Chennai,13.0833,80.2833,26.2,28.4,Mist,94,11.9,NNW,1010.0,0.01,50,0.0,1
2025-11-08T00:39:00Z,Mumbai,18.975,72.826,26.0,27.3,Overcast,61,12.2,ENE,1012.0,0.0,75,0.0,0
2025-11-08T00:39:00Z,Delhi,42.85,-80.5,10.3,6.8,Patchy rain nearby,92,32.0,WSW,999.0,0.11,0,0.0,0
2025-11-08T00:39:00Z,Bengaluru,12.9833,77.5833,19.2,19.2,Sunny,88,5.8,ENE,1015.0,0.0,25,0.0,1
2025-11-08T00:39:01Z,Kolkata,22.5697,88.3697,22.3,24.7,Mist,69,14.0,NNW,1012.0,0.0,0,0.0,0
2025-11-08T00:39:01Z,Hyderabad,17.3753,78.4744,17.6,17.6,Sunny,78,9.7,NNW,1015.0,0.0,3,0.0,1
2025-11-08T00:39:01Z,Pune,18.5333,73.8667,17.9,17.9,Clear,54,4.3,E,1016.0,0.0,9,0.0,0
2025-11-08T00:39:02Z,Ahmedabad,23.0333,72.6167,19.5,19.5,Clear,38,10.4,E,1016.0,0.0,0,0.0,0
2025-11-08T03:28:43Z,Chennai,13.0833,80.2833,28.1,30.3,Mist,89,18.0,NNW,1013.0,0.13,50,4.1,1
2025-11-08T03:28:43Z,Mumbai,18.975,72.826,27.4,28.5,Overcast,51,12.6,ENE,1014.0,0.0,0,0.9,1
2025-11-08T03:28:44Z,Delhi,42.85,-80.5,10.5,7.1,Patchy rain nearby,78,32.0,W,1000.0,0.01,0,0.0,0
2025-11-08T03:28:44Z,Bengaluru,12.9833,77.5833,23.4,25.2,Mist,78,10.1,NE,1019.0,0.01,50,4.1,1
2025-11-08T03:28:44Z,Kolkata,22.5697,88.3697,26.2,26.5,Mist,48,18.4,NNW,1014.0,0.0,0,2.2,1
2025-11-08T03:28:45Z,Hyderabad,17.3753,78.4744,24.2,25.5,Mist,50,13.7,N,1019.0,0.0,0,3.7,1
2025-11-08T03:28:45Z,Pune,18.5333,73.8667,23.1,24.4,Sunny,42,7.6,E,1018.0,0.0,11,2.9,1
2025-11-08T03:28:45Z,Ahmedabad,23.0333,72.6167,20.3,20.3,Overcast,43,10.1,E,1017.0,0.0,0,2.1,1
2025-11-08T06:11:57Z,Chennai,13.0833,80.2833,31.1,34.4,Mist,71,23.0,N,1013.0,0.03,50,8.5,1
2025-11-08T06:11:58Z,Mumbai,18.975,72.826,31.3,33.4,Overcast,41,8.3,ENE,1015.0,0.0,0,6.7,1
2025-11-08T06:11:58Z,Delhi,42.85,-80.5,8.5,5.4,Clear,79,21.2,W,1002.0,0.0,0,0.0,0
2025-11-08T06:11:59Z,Bengaluru,12.9833,77.5833,25.2,26.0,Mist,65,12.6,N,1019.0,0.0,50,8.6,1
2025-11-08T06:11:59Z,Kolkata,22.5697,88.3697,29.0,28.7,Mist,40,17.3,NNW,1013.0,0.0,0,6.8,1
2025-11-08T06:11:59Z,Hyderabad,17.3753,78.4744,28.3,29.1,Sunny,27,12.2,NNE,1018.0,0.0,0,8.0,1
2025-11-08T06:12:00Z,Pune,18.5333,73.8667,26.4,26.3,Sunny,38,7.2,NE,1015.0,0.0,8,8.3,1
2025-11-08T06:12:00Z,Ahmedabad,23.0333,72.6167,25.2,24.1,Overcast,36,9.4,ENE,1017.0,0.0,0,5.9,1
2025-11-08T09:01:12Z,Chennai,13.0833,80.2833,32.3,36.9,Mist,63,24.5,NNE,1010.0,0.0,50,5.1,1
2025-11-08T09:01:12Z,Mumbai,18.975,72.826,33.2,36.9,Overcast,30,11.5,NW,1012.0,0.0,0,5.4,1
2025-11-08T09:01:12Z,Delhi,42.85,-80.5,6.2,2.8,Overcast,80,18.0,WNW,1005.0,0.0,0,0.0,0
2025-11-08T09:01:13Z,Bengaluru,12.9833,77.5833,27.3,28.7,Partly cloudy,58,14.0,N,1017.0,0.01,50,2.2,1
2025-11-08T09:01:13Z,Kolkata,22.5697,88.3697,30.3,29.8,Mist,38,16.6,NNW,1010.0,0.0,0,2.6,1
2025-11-08T09:01:13Z,Hyderabad,17.3753,78.4744,28.3,28.7,Sunny,25,11.2,NNE,1015.0,0.0,0,5.1,1
2025-11-08T09:01:14Z,Pune,18.5333,73.8667,27.5,27.2,Sunny,38,6.8,NNW,1012.0,0.0,9,5.7,1
2025-11-08T09:01:14Z,Ahmedabad,23.0333,72.6167,29.3,27.1,Overcast,20,10.1,NNE,1014.0,0.0,0,4.7,1
2025-11-08T12:13:54Z,Chennai,13.0833,80.2833,30.3,34.4,Mist,66,20.2,NNE,1010.0,0.0,50,0.1,0
2025-11-08T12:13:54Z,Mumbai,18.975,72.826,33.3,41.0,Overcast,44,18.4,NNW,1011.0,0.0,0,0.3,1
2025-11-08T12:13:55Z,Delhi,42.85,-80.5,3.3,-0.3,Clear,77,14.8,NW,1008.0,0.0,0,0.0,1
2025-11-08T12:13:55Z,Bengaluru,12.9833,77.5833,25.1,26.2,Partly cloudy,61,14.0,N,1016.0,0.0,50,0.1,1
2025-11-08T12:13:56Z,Kolkata,22.5697,88.3697,28.2,28.8,Mist,42,13.0,NW,1010.0,0.0,0,0.0,0
2025-11-08T12:13:56Z,Hyderabad,17.3753,78.4744,22.8,24.8,Partly Cloudy,63,11.2,NNE,1013.0,0.0,25,0.1,0
2025-11-08T12:13:56Z,Pune,18.5333,73.8667,24.5,25.6,Sunny,51,6.1,NW,1013.0,0.0,5,0.3,1
2025-11-08T12:13:57Z,Ahmedabad,23.0333,72.6167,29.2,27.9,Overcast,23,10.4,NNE,1014.0,0.0,0,0.2,1
2025-11-08T15:01:23Z,Chennai,13.0833,80.2833,28.3,30.9,Mist,84,19.1,NNE,1012.0,0.0,50,0.0,0
2025-11-08T15:01:23Z,Mumbai,18.975,72.826,29.1,31.9,Overcast,62,18.7,NNW,1013.0,0.0,0,0.0,0
2025-11-08T15:01:23Z,Delhi,42.85,-80.5,3.7,1.5,Sunny,75,8.3,NNW,1010.0,0.0,0,0.8,1
2025-11-08T15:01:24Z,Bengaluru,12.9833,77.5833,23.1,25.0,Clear,65,11.5,NNE,1018.0,0.0,25,0.0,0
2025-11-08T15:01:24Z,Kolkata,22.5697,88.3697,26.3,27.1,Mist,48,13.0,NNW,1012.0,0.0,0,0.0,0
2025-11-08T15:01:24Z,Hyderabad,17.3753,78.4744,23.1,25.1,Mist,53,10.8,NNE,1017.0,0.0,0,0.0,0
2025-11-08T15:01:25Z,Pune,18.5333,73.8667,20.7,20.7,Clear,60,4.3,NW,1015.0,0.0,6,0.0,0
2025-11-08T15:01:25Z,Ahmedabad,23.0333,72.6167,24.4,24.4,Overcast,39,5.4,NNE,1015.0,0.0,0,0.0,0
2025-11-08T18:10:56Z,Chennai,13.0833,80.2833,27.2,29.2,Mist,89,13.7,NNE,1012.0,0.0,50,0.0,0
2025-11-08T18:10:56Z,Mumbai,18.975,72.826,27.2,28.8,Overcast,58,13.0,NNE,1014.0,0.0,0,0.0,0
2025-11-08T18:10:57Z,Delhi,42.85,-80.5,5.2,3.0,Overcast,69,9.7,WNW,1010.0,0.0,0,1.5,1
2025-11-08T18:10:57Z,Bengaluru,12.9833,77.5833,20.2,20.2,Clear,73,9.0,NNE,1018.0,0.0,25,0.0,0
2025-11-08T18:10:58Z,Kolkata,22.5697,88.3697,23.3,25.1,Mist,57,13.0,NNW,1012.0,0.0,0,0.0,0
2025-11-08T18:10:58Z,Hyderabad,17.3753,78.4744,18.8,18.8,Clear,72,6.8,NNE,1015.0,0.0,0,0.0,0
2025-11-08T18:10:58Z,Pune,18.5333,73.8667,19.5,19.5,Clear,62,3.6,NW,1015.0,0.0,4,0.0,0
2025-11-08T18:10:59Z,Ahmedabad,23.0333,72.6167,20.1,20.1,Mist,53,6.8,ENE,1015.0,0.0,0,0.0,0
2025-11-08T21:01:16Z,Chennai,13.0833,80.2833,26.0,27.9,Mist,89,14.0,N,1010.0,0.0,50,0.0,0
2025-11-08T21:01:16Z,Mumbai,18.975,72.826,26.2,27.2,Mist,61,10.1,NNE,1012.0,0.0,0,0.0,0
2025-11-08T21:01:17Z,Delhi,42.85,-80.5,6.3,4.1,Partly Cloudy,60,10.4,WNW,1010.0,0.0,0,0.2,1
2025-11-08T21:01:17Z,Bengaluru,12.9833,77.5833,18.4,18.4,Clear,83,5.0,N,1017.0,0.0,25,0.0,0
2025-11-08T21:01:17Z,Kolkata,22.5697,88.3697,21.1,21.1,Mist,64,12.6,NNW,1011.0,0.0,0,0.0,0
2025-11-08T21:01:18Z,Hyderabad,17.3753,78.4744,17.0,17.0,Mist,88,7.2,N,1016.0,0.0,0,0.0,0
2025-11-08T21:01:18Z,Pune,18.5333,73.8667,18.2,18.2,Clear,62,3.6,NE,1014.0,0.0,4,0.0,0
2025-11-08T21:01:19Z,Ahmedabad,23.0333,72.6167,18.1,18.1,Mist,64,4.3,NE,1014.0,0.0,0,0.0,0
